country,acronym,population,production-based_PDF,PDF_footprint,net_importer,percapite_production_based_PDF,percapita_PDF_footprint,percapita_net_trade,Indicator_Name,Indicator_Code,GNI_percapita_PPP,Adj_netNationalIncome_percapita
Australia,AUS,25365745,0.0039953183,5.19546e-4,-0.0034757723,1.5750841e-10,2.048218e-11,-1.3702622e-10,"GNI per capita, PPP (constant 2017 international $)",NY.GNP.PCAP.PP.KD,NA,NA
New Zealand,NZL,4979300,7.180692e-4,2.881964e-4,-4.298728e-4,1.4421088e-10,5.78789e-11,-8.633197e-11,"GNI per capita, PPP (constant 2017 international $)",NY.GNP.PCAP.PP.KD,42210.38426854043,34852.07017298627
Colombia,COL,50339443,0.0037648201,0.0017195578,-0.0020452623,7.478867e-11,3.415925e-11,-4.062941e-11,"GNI per capita, PPP (constant 2017 international $)",NY.GNP.PCAP.PP.KD,14293.69557673888,5372.746008609052
Gabon,GAB,2172578,1.577395e-4,7.738e-5,-8.03596e-5,7.260477e-11,3.561665e-11,-3.698811e-11,"GNI per capita, PPP (constant 2017 international $)",NY.GNP.PCAP.PP.KD,12653.011146078585,5721.159972032308
Belize,BLZ,390351,2.05252e-5,6.1437e-6,-1.43815e-5,5.258144e-11,1.573882e-11,-3.68426e-11,"GNI per capita, PPP (constant 2017 international $)",NY.GNP.PCAP.PP.KD,8417.4320298262,3749.083961823834
Uruguay,URY,3461731,1.24189e-4,4.20731e-5,-8.2116e-5,3.587483e-11,1.215376e-11,-2.372106e-11,"GNI per capita, PPP (constant 2017 international $)",NY.GNP.PCAP.PP.KD,22393.367298295037,14452.663511028404
Panama,PAN,4246440,2.612053e-4,1.718734e-4,-8.93318e-5,6.151159e-11,4.047471e-11,-2.103687e-11,"GNI per capita, PPP (constant 2017 international $)",NY.GNP.PCAP.PP.KD,NA,NA
Rep Congo,COG,5380504,1.540048e-4,4.28175e-5,-1.111872e-4,2.862274e-11,7.9579e-12,-2.066483e-11,"GNI per capita, PPP (constant 2017 international $)",NY.GNP.PCAP.PP.KD,3230.17709795683,528.1091406137466
Jamaica,JAM,2948277,1.553803e-4,9.6468e-5,-5.89123e-5,5.270208e-11,3.272014e-11,-1.998194e-11,"GNI per capita, PPP (constant 2017 international $)",NY.GNP.PCAP.PP.KD,9957.94958245116,4846.3541767162415
Costa Rica,CRI,5047561,2.310017e-4,1.33331e-4,-9.76707e-5,4.576501e-11,2.641493e-11,-1.935007e-11,"GNI per capita, PPP (constant 2017 international $)",NY.GNP.PCAP.PP.KD,19584.577708350556,11177.77157687089
Kazakhstan,KAZ,18513673,6.377965e-4,2.821475e-4,-3.55649e-4,3.445003e-11,1.523995e-11,-1.921007e-11,"GNI per capita, PPP (constant 2017 international $)",NY.GNP.PCAP.PP.KD,22786.553020580617,8253.032927334798
Argentina,ARG,44938712,0.0011600393,5.301119e-4,-6.299275e-4,2.581381e-11,1.179632e-11,-1.401747e-11,"GNI per capita, PPP (constant 2017 international $)",NY.GNP.PCAP.PP.KD,21205.47120460712,10511.825326795732
Paraguay,PRY,7044639,2.545772e-4,1.569566e-4,-9.76205e-5,3.613772e-11,2.228029e-11,-1.385742e-11,"GNI per capita, PPP (constant 2017 international $)",NY.GNP.PCAP.PP.KD,13196.093344601592,5570.05034594471
Brazil,BRA,211049519,0.0078577161,0.0052165751,-0.0026411409,3.723162e-11,2.47173e-11,-1.251431e-11,"GNI per capita, PPP (constant 2017 international $)",NY.GNP.PCAP.PP.KD,14290.61163839783,7404.234321136019
Nicaragua,NIC,6545503,2.714716e-4,2.004568e-4,-7.10148e-5,4.147452e-11,3.062511e-11,-1.08494e-11,"GNI per capita, PPP (constant 2017 international $)",NY.GNP.PCAP.PP.KD,5212.7213069787185,1690.9138714051965
Guatemala,GTM,16604026,3.697926e-4,2.100739e-4,-1.597186e-4,2.227126e-11,1.265198e-11,-9.61927e-12,"GNI per capita, PPP (constant 2017 international $)",NY.GNP.PCAP.PP.KD,8514.176033953972,3713.2439199984337
Cuba,CUB,11333484,9.148986e-4,8.076217e-4,-1.072769e-4,8.072527e-11,7.125978e-11,-9.46548e-12,"GNI per capita, PPP (constant 2017 international $)",NY.GNP.PCAP.PP.KD,NA,NA
Papua New Guinea,PNG,8776119,0.0016970741,0.0016234893,-7.35848e-5,1.933741e-10,1.8498943e-10,-8.38466e-12,"GNI per capita, PPP (constant 2017 international $)",NY.GNP.PCAP.PP.KD,NA,NA
Turkmenistan,TKM,5942094,1.478732e-4,9.80708e-5,-4.98024e-5,2.488571e-11,1.650442e-11,-8.38128e-12,"GNI per capita, PPP (constant 2017 international $)",NY.GNP.PCAP.PP.KD,NA,NA
Honduras,HND,9746115,2.622122e-4,1.91785e-4,-7.04272e-5,2.690428e-11,1.967809e-11,-7.22618e-12,"GNI per capita, PPP (constant 2017 international $)",NY.GNP.PCAP.PP.KD,5188.036350686911,2068.231120775072
Central African Republic,CAF,4745179,3.83292e-5,6.1627e-6,-3.21666e-5,8.07751e-12,1.29872e-12,-6.77878e-12,"GNI per capita, PPP (constant 2017 international $)",NY.GNP.PCAP.PP.KD,930.6433366149056,367.5342066209993
Dominican Republic,DOM,10738957,5.78155e-4,5.076006e-4,-7.05544e-5,5.383716e-11,4.726721e-11,-6.56995e-12,"GNI per capita, PPP (constant 2017 international $)",NY.GNP.PCAP.PP.KD,17341.011964229023,7311.186346344282
Ecuador,ECU,17373657,6.577324e-4,5.479162e-4,-1.098161e-4,3.785803e-11,3.153718e-11,-6.32084e-12,"GNI per capita, PPP (constant 2017 international $)",NY.GNP.PCAP.PP.KD,11053.237619989704,4562.0146549637975
Laos,LAO,7169456,1.791261e-4,1.372522e-4,-4.18739e-5,2.498462e-11,1.914402e-11,-5.84059e-12,"GNI per capita, PPP (constant 2017 international $)",NY.GNP.PCAP.PP.KD,NA,NA
Greece,GRC,10721582,2.480623e-4,1.986775e-4,-4.93849e-5,2.313673e-11,1.853061e-11,-4.60611e-12,"GNI per capita, PPP (constant 2017 international $)",NY.GNP.PCAP.PP.KD,29456.999604766865,15852.340118339209
South Africa,ZAF,58558267,0.0013148822,0.0010680485,-2.468337e-4,2.245425e-11,1.823907e-11,-4.21518e-12,"GNI per capita, PPP (constant 2017 international $)",NY.GNP.PCAP.PP.KD,13506.048140600473,5150.493147495475
Peru,PER,32510462,0.0010769661,9.445111e-4,-1.32455e-4,3.312676e-11,2.905252e-11,-4.07422e-12,"GNI per capita, PPP (constant 2017 international $)",NY.GNP.PCAP.PP.KD,12279.268931483164,5604.340792081897
Madagascar,MDG,26969306,0.0033539755,0.0032550488,-9.89267e-5,1.2436269e-10,1.2069456e-10,-3.66812e-12,"GNI per capita, PPP (constant 2017 international $)",NY.GNP.PCAP.PP.KD,1530.0565574911714,388.00198129780784
Spain,ESP,47134837,0.0010854489,9.179739e-4,-1.674751e-4,2.302859e-11,1.947548e-11,-3.5531e-12,"GNI per capita, PPP (constant 2017 international $)",NY.GNP.PCAP.PP.KD,40854.139361380185,23849.25808106634
Malaysia,MYS,31949789,0.0011842316,0.0010801888,-1.040428e-4,3.70654e-11,3.380895e-11,-3.25644e-12,"GNI per capita, PPP (constant 2017 international $)",NY.GNP.PCAP.PP.KD,26950.91545517302,7861.015945193273
Philippines,PHL,108116622,0.0022606474,0.0019386371,-3.220102e-4,2.090934e-11,1.793098e-11,-2.97836e-12,"GNI per capita, PPP (constant 2017 international $)",NY.GNP.PCAP.PP.KD,9589.807293966303,3485.6257013246723
Cote d'Ivoire,CIV,25716554,1.657196e-4,1.04252e-4,-6.14676e-5,6.44408e-12,4.05388e-12,-2.39019e-12,"GNI per capita, PPP (constant 2017 international $)",NY.GNP.PCAP.PP.KD,4990.608151301839,1988.5146874330871
Moldova,MDA,2664974,1.12148e-5,5.6955e-6,-5.5193e-6,4.20822e-12,2.13716e-12,-2.07105e-12,"GNI per capita, PPP (constant 2017 international $)",NY.GNP.PCAP.PP.KD,13450.200582746033,3258.833237671752
Ukraine,UKR,44386203,2.89549e-4,1.986811e-4,-9.08679e-5,6.5234e-12,4.47619e-12,-2.04721e-12,"GNI per capita, PPP (constant 2017 international $)",NY.GNP.PCAP.PP.KD,12964.4365234375,2280.0712890625
Syria,SYR,17070132,1.498308e-4,1.210807e-4,-2.87502e-5,8.77737e-12,7.09313e-12,-1.68423e-12,"GNI per capita, PPP (constant 2017 international $)",NY.GNP.PCAP.PP.KD,NA,NA
Georgia,GEO,3720161,4.14861e-5,3.64647e-5,-5.0214e-6,1.115171e-11,9.80192e-12,-1.34978e-12,"GNI per capita, PPP (constant 2017 international $)",NY.GNP.PCAP.PP.KD,14314.323241803564,4011.72031920033
Romania,ROU,19371648,1.162588e-4,9.20797e-5,-2.4179e-5,6.00149e-12,4.75332e-12,-1.24816e-12,"GNI per capita, PPP (constant 2017 international $)",NY.GNP.PCAP.PP.KD,29568.957137380123,9536.842192887949
Chile,CHL,18952035,2.252062e-4,2.018289e-4,-2.33773e-5,1.188296e-11,1.064945e-11,-1.2335e-12,"GNI per capita, PPP (constant 2017 international $)",NY.GNP.PCAP.PP.KD,23892.70512734409,10938.495183025116
Bolivia,BOL,11513102,7.294586e-4,7.153735e-4,-1.4085e-5,6.335899e-11,6.21356e-11,-1.22339e-12,"GNI per capita, PPP (constant 2017 international $)",NY.GNP.PCAP.PP.KD,8353.24065130741,2816.1631111101733
Indonesia,IDN,270625567,0.0048290382,0.0045210168,-3.080215e-4,1.784398e-11,1.67058e-11,-1.13818e-12,"GNI per capita, PPP (constant 2017 international $)",NY.GNP.PCAP.PP.KD,11497.970664104512,3101.174037468585
Liberia,LBR,4937374,3.42262e-5,2.89254e-5,-5.3008e-6,6.93207e-12,5.85846e-12,-1.07361e-12,"GNI per capita, PPP (constant 2017 international $)",NY.GNP.PCAP.PP.KD,NA,NA
Cameroon,CMR,25876387,1.263525e-4,1.006716e-4,-2.56809e-5,4.88293e-12,3.89048e-12,-9.9244e-13,"GNI per capita, PPP (constant 2017 international $)",NY.GNP.PCAP.PP.KD,3675.295146805374,1202.995841071864
Sri Lanka,LKA,21803000,5.328513e-4,5.115277e-4,-2.13236e-5,2.443936e-11,2.346134e-11,-9.7801e-13,"GNI per capita, PPP (constant 2017 international $)",NY.GNP.PCAP.PP.KD,13262.95821553548,3781.765659469173
Mongolia,MNG,3225166,1.395221e-4,1.363726e-4,-3.1495e-6,4.326045e-11,4.22839e-11,-9.7654e-13,"GNI per capita, PPP (constant 2017 international $)",NY.GNP.PCAP.PP.KD,11073.97333013311,3506.2408048178213
Sierra Leone,SLE,7813207,2.1249e-5,1.40956e-5,-7.1534e-6,2.71963e-12,1.80407e-12,-9.1554e-13,"GNI per capita, PPP (constant 2017 international $)",NY.GNP.PCAP.PP.KD,1634.793783828227,592.5503776084546
Equatorial Guinea,GNQ,1355982,1.03235e-5,9.1916e-6,-1.1319e-6,7.6133e-12,6.77857e-12,-8.3473e-13,"GNI per capita, PPP (constant 2017 international $)",NY.GNP.PCAP.PP.KD,11833.251806281549,2814.5175396420727
Thailand,THA,69625581,8.956364e-4,8.407719e-4,-5.48644e-5,1.286361e-11,1.207561e-11,-7.8799e-13,"GNI per capita, PPP (constant 2017 international $)",NY.GNP.PCAP.PP.KD,NA,NA
Cambodia,KHM,16486542,8.5846e-5,7.40012e-5,-1.18449e-5,5.20704e-12,4.48858e-12,-7.1845e-13,"GNI per capita, PPP (constant 2017 international $)",NY.GNP.PCAP.PP.KD,4187.775988384557,1318.736981324462
Myanmar,MMR,54045422,2.178927e-4,1.835371e-4,-3.43556e-5,4.03166e-12,3.39597e-12,-6.3568e-13,"GNI per capita, PPP (constant 2017 international $)",NY.GNP.PCAP.PP.KD,4668.941620103147,1252.9271123642488
Somalia,SOM,15442906,6.81413e-5,5.94355e-5,-8.7058e-6,4.41247e-12,3.84872e-12,-5.6374e-13,"GNI per capita, PPP (constant 2017 international $)",NY.GNP.PCAP.PP.KD,NA,NA
Uganda,UGA,44269587,4.67228e-5,3.35745e-5,-1.31482e-5,1.05541e-12,7.5841e-13,-2.97e-13,"GNI per capita, PPP (constant 2017 international $)",NY.GNP.PCAP.PP.KD,2190.2608933586325,801.1552386803239
Tanzania,TZA,58005461,2.616764e-4,2.498996e-4,-1.17769e-5,4.51124e-12,4.3082e-12,-2.0303e-13,"GNI per capita, PPP (constant 2017 international $)",NY.GNP.PCAP.PP.KD,2537.38989257813,889.172729492188
Mali,MLI,19658023,1.69794e-5,1.34118e-5,-3.5676e-6,8.6374e-13,6.8225e-13,-1.8148e-13,"GNI per capita, PPP (constant 2017 international $)",NY.GNP.PCAP.PP.KD,2131.3248255375356,620.5615657432486
Ethiopia/DR Ethiopia (1992/1993),ETH,112078727,2.52497e-4,2.387601e-4,-1.37369e-5,2.25285e-12,2.13028e-12,-1.2256e-13,"GNI per capita, PPP (constant 2017 international $)",NY.GNP.PCAP.PP.KD,2168.3797869085174,675.7590432234163
Eritrea,ERI,3497117,1.10239e-5,1.08734e-5,-1.505e-7,3.15228e-12,3.10924e-12,-4.303e-14,"GNI per capita, PPP (constant 2017 international $)",NY.GNP.PCAP.PP.KD,NA,NA
Burundi,BDI,11530577,2.36597e-5,2.37061e-5,4.64e-8,2.05191e-12,2.05593e-12,4.02e-15,"GNI per capita, PPP (constant 2017 international $)",NY.GNP.PCAP.PP.KD,732.0425961544674,198.65465933546173
Rwanda,RWA,12626938,3.09134e-5,3.13245e-5,4.112e-7,2.44821e-12,2.48077e-12,3.256e-14,"GNI per capita, PPP (constant 2017 international $)",NY.GNP.PCAP.PP.KD,2117.9853719388266,697.3246268761985
Turkey,TUR,83429607,0.0010124304,0.0010155917,3.1613e-6,1.213515e-11,1.217303e-11,3.789e-14,"GNI per capita, PPP (constant 2017 international $)",NY.GNP.PCAP.PP.KD,NA,NA
Burkina Faso,BFA,20321383,1.04404e-5,1.16766e-5,1.2362e-6,5.1377e-13,5.7459e-13,6.083e-14,"GNI per capita, PPP (constant 2017 international $)",NY.GNP.PCAP.PP.KD,1993.4790065258812,644.6524093400359
Niger,NER,23310719,1.16488e-5,1.33362e-5,1.6875e-6,4.9972e-13,5.721e-13,7.239e-14,"GNI per capita, PPP (constant 2017 international $)",NY.GNP.PCAP.PP.KD,1271.7329380511246,525.0798761856482
India,IND,1366417756,0.0034745212,0.003612401,1.378798e-4,2.5428e-12,2.6437e-12,1.009e-13,"GNI per capita, PPP (constant 2017 international $)",NY.GNP.PCAP.PP.KD,6554.320413078902,1711.3920684128484
DR Congo,COD,86790568,3.196042e-4,3.294735e-4,9.8694e-6,3.68248e-12,3.79619e-12,1.1371e-13,"GNI per capita, PPP (constant 2017 international $)",NY.GNP.PCAP.PP.KD,998.1224509903896,419.823943566162
Mexico,MEX,127575529,0.0036862525,0.0037015936,1.53411e-5,2.889467e-11,2.901491e-11,1.2025e-13,"GNI per capita, PPP (constant 2017 international $)",NY.GNP.PCAP.PP.KD,19471.08158009015,7986.800623287184
Togo,TGO,8082359,5.7947e-6,6.86e-6,1.0654e-6,7.1695e-13,8.4876e-13,1.3181e-13,"GNI per capita, PPP (constant 2017 international $)",NY.GNP.PCAP.PP.KD,2079.602947918301,772.5090388057583
Chad,TCD,15946882,6.8921e-6,9.7245e-6,2.8324e-6,4.3219e-13,6.098e-13,1.7760999999999999e-13,"GNI per capita, PPP (constant 2017 international $)",NY.GNP.PCAP.PP.KD,1538.0142431388467,466.59576831063833
Benin,BEN,11801151,4.1226e-6,6.5059e-6,2.3833e-6,3.4934e-13,5.5129e-13,2.0195e-13,"GNI per capita, PPP (constant 2017 international $)",NY.GNP.PCAP.PP.KD,3124.6913484584225,1025.99904844824
Bulgaria,BGR,6975761,3.29646e-5,3.4687e-5,1.7224e-6,4.72559e-12,4.9725e-12,2.4691e-13,"GNI per capita, PPP (constant 2017 international $)",NY.GNP.PCAP.PP.KD,22590.949187182385,7119.924193683326
Malawi,MWI,18628749,1.99152e-5,2.47888e-5,4.8736e-6,1.06906e-12,1.33067e-12,2.6161e-13,"GNI per capita, PPP (constant 2017 international $)",NY.GNP.PCAP.PP.KD,NA,NA
Croatia,HRV,4065253,2.62342e-5,2.73887e-5,1.1544e-6,6.45328e-12,6.73726e-12,2.8397e-13,"GNI per capita, PPP (constant 2017 international $)",NY.GNP.PCAP.PP.KD,29373.03219496916,12223.51023831132
Sudan/North Sudan (2010/2011),SDN,42813237,3.39186e-5,4.61388e-5,1.22202e-5,7.9225e-13,1.07767e-12,2.8543e-13,"GNI per capita, PPP (constant 2017 international $)",NY.GNP.PCAP.PP.KD,3939.33959960938,1287.49194335938
Afghanistan,AFG,38041757,9.7058e-5,1.080222e-4,1.09642e-5,2.55135e-12,2.83956e-12,2.8821e-13,"GNI per capita, PPP (constant 2017 international $)",NY.GNP.PCAP.PP.KD,NA,NA
Haiti,HTI,11263079,2.875566e-4,2.908855e-4,3.3289e-6,2.553091e-11,2.582646e-11,2.9555e-13,"GNI per capita, PPP (constant 2017 international $)",NY.GNP.PCAP.PP.KD,3122.5533578316513,1372.2235710528334
North Korea,PRK,25666158,2.11711e-5,2.87667e-5,7.5955e-6,8.2486e-13,1.1208e-12,2.9593e-13,"GNI per capita, PPP (constant 2017 international $)",NY.GNP.PCAP.PP.KD,NA,NA
Guinea,GIN,12771246,2.55517e-5,2.9333e-5,3.7813e-6,2.00072e-12,2.29679e-12,2.9607e-13,"GNI per capita, PPP (constant 2017 international $)",NY.GNP.PCAP.PP.KD,2436.3894356928568,732.2868580673206
Kenya,KEN,52573967,1.021151e-4,1.184726e-4,1.63576e-5,1.94231e-12,2.25344e-12,3.1113e-13,"GNI per capita, PPP (constant 2017 international $)",NY.GNP.PCAP.PP.KD,4527.724841875569,1362.8583551001643
Tajikistan,TJK,9321023,4.03721e-5,4.37485e-5,3.3763e-6,4.3313e-12,4.69352e-12,3.6222e-13,"GNI per capita, PPP (constant 2017 international $)",NY.GNP.PCAP.PP.KD,4110.545243840092,1154.558622806979
Pakistan,PAK,216565317,1.104653e-4,1.933574e-4,8.28921e-5,5.1008e-13,8.9283e-13,3.8275e-13,"GNI per capita, PPP (constant 2017 international $)",NY.GNP.PCAP.PP.KD,5067.070251422379,1188.4542055073057
Ghana,GHA,30417858,1.138386e-4,1.256653e-4,1.18267e-5,3.74249e-12,4.1313e-12,3.888e-13,"GNI per capita, PPP (constant 2017 international $)",NY.GNP.PCAP.PP.KD,5121.491224841668,1557.0059881430443
Nepal,NPL,28608715,1.308966e-4,1.442342e-4,1.3337600000000001e-05,4.57541e-12,5.04161e-12,4.662e-13,"GNI per capita, PPP (constant 2017 international $)",NY.GNP.PCAP.PP.KD,3963.2261020882593,1061.3409551186696
Gambia,GMB,2347696,1.1306e-6,2.2407e-6,1.1101e-6,4.816e-13,9.5444e-13,4.7284e-13,"GNI per capita, PPP (constant 2017 international $)",NY.GNP.PCAP.PP.KD,2049.419806902422,503.5411339153964
Zambia,ZMB,17861034,3.88247e-5,4.73019e-5,8.4773e-6,2.17371e-12,2.64833e-12,4.7462e-13,"GNI per capita, PPP (constant 2017 international $)",NY.GNP.PCAP.PP.KD,NA,NA
Nigeria,NGA,200963603,7.23102e-5,1.777186e-4,1.054084e-4,3.5982e-13,8.8433e-13,5.2451e-13,"GNI per capita, PPP (constant 2017 international $)",NY.GNP.PCAP.PP.KD,4914.227712918329,1791.9476500513597
Bosnia and Herzegovina,BIH,3300998,2.4253e-5,2.604e-5,1.7869e-6,7.34718e-12,7.88851e-12,5.4133e-13,"GNI per capita, PPP (constant 2017 international $)",NY.GNP.PCAP.PP.KD,14828.72897378152,4805.945966198054
Azerbaijan,AZE,10024283,1.11702e-4,1.182862e-4,6.5842e-6,1.114314e-11,1.179996e-11,6.5682e-13,"GNI per capita, PPP (constant 2017 international $)",NY.GNP.PCAP.PP.KD,NA,NA
Slovakia,SVK,5454147,2.64053e-5,3.00441e-5,3.6388e-6,4.84133e-12,5.50848e-12,6.6715e-13,"GNI per capita, PPP (constant 2017 international $)",NY.GNP.PCAP.PP.KD,NA,14463.283534981843
Senegal,SEN,16296362,7.7331e-6,1.99394e-5,1.22062e-5,4.7453e-13,1.22354e-12,7.4901e-13,"GNI per capita, PPP (constant 2017 international $)",NY.GNP.PCAP.PP.KD,3342.119768811555,1231.2662635249528
Belarus,BLR,9419758,2.86847e-5,3.59371e-5,7.2524e-6,3.04516e-12,3.81508e-12,7.6991e-13,"GNI per capita, PPP (constant 2017 international $)",NY.GNP.PCAP.PP.KD,18714.05988743788,5161.7458338110955
Bangladesh,BGD,163046173,2.438962e-4,3.720845e-4,1.281883e-4,1.49587e-12,2.28208e-12,7.862e-13,"GNI per capita, PPP (constant 2017 international $)",NY.GNP.PCAP.PP.KD,5689.300542092609,1388.93694489749
Macedonia,MKD,2076694,1.51166e-5,1.675e-5,1.6333e-6,7.27919e-12,8.06569e-12,7.865e-13,"GNI per capita, PPP (constant 2017 international $)",NY.GNP.PCAP.PP.KD,15981.280822726056,4553.958056844183
Mozambique,MOZ,30366043,8.89409e-5,1.133889e-4,2.4448e-5,2.92896e-12,3.73406e-12,8.0511e-13,"GNI per capita, PPP (constant 2017 international $)",NY.GNP.PCAP.PP.KD,1265.0711186937988,425.7095958851645
Kyrgyzstan,KGZ,6456200,8.51778e-5,9.13275e-5,6.1497e-6,1.319318e-11,1.41457e-11,9.5252e-13,"GNI per capita, PPP (constant 2017 international $)",NY.GNP.PCAP.PP.KD,4756.633268021608,997.1583986233647
Albania,ALB,2854191,3.75116e-5,4.06775e-5,3.1659e-6,1.314263e-11,1.425185e-11,1.10922e-12,"GNI per capita, PPP (constant 2017 international $)",NY.GNP.PCAP.PP.KD,13481.971795902571,3627.856112887788
Morocco,MAR,36471766,1.199646e-4,1.654793e-4,4.55147e-5,3.28925e-12,4.53719e-12,1.24794e-12,"GNI per capita, PPP (constant 2017 international $)",NY.GNP.PCAP.PP.KD,8093.2587890625,2754.27587890625
Hungary,HUN,9771141,2.6568e-5,3.87712e-5,1.22032e-5,2.71903e-12,3.96792e-12,1.24889e-12,"GNI per capita, PPP (constant 2017 international $)",NY.GNP.PCAP.PP.KD,31789.809438158813,12079.62855349146
Yemen Arab Republic/Yemen (1990/1991),YEM,29161922,6.39112e-5,1.003846e-4,3.64734e-5,2.1916e-12,3.44231e-12,1.25072e-12,"GNI per capita, PPP (constant 2017 international $)",NY.GNP.PCAP.PP.KD,NA,NA
USSR/Russian Federation (1990/1991),RUS,144406261,3.15895e-4,5.071765e-4,1.912815e-4,2.18754e-12,3.51215e-12,1.3246e-12,"GNI per capita, PPP (constant 2017 international $)",NY.GNP.PCAP.PP.KD,26364.470703125,7631.9375
Angola,AGO,31825299,7.26604e-5,1.208148e-4,4.81543e-5,2.2831e-12,3.79618e-12,1.51308e-12,"GNI per capita, PPP (constant 2017 international $)",NY.GNP.PCAP.PP.KD,5918.032995564939,2693.4259492453702
Tunisia,TUN,11694721,4.40299e-5,6.27223e-5,1.86924e-5,3.76494e-12,5.36329e-12,1.59836e-12,"GNI per capita, PPP (constant 2017 international $)",NY.GNP.PCAP.PP.KD,10821.414696625763,3841.133718519168
Zimbabwe,ZWE,14645473,1.36655e-5,3.71818e-5,2.35163e-5,9.3309e-13,2.53879e-12,1.6057e-12,"GNI per capita, PPP (constant 2017 international $)",NY.GNP.PCAP.PP.KD,2156.4318615498764,1038.4915109071956
Mauritania,MRT,4525698,3.2952e-6,1.08998e-5,7.6046e-6,7.2811e-13,2.40842e-12,1.68031e-12,"GNI per capita, PPP (constant 2017 international $)",NY.GNP.PCAP.PP.KD,5432.671931930692,1772.25642537903
Egypt,EGY,100388076,2.8497e-6,1.723031e-4,1.694534e-4,2.839e-14,1.71637e-12,1.68798e-12,"GNI per capita, PPP (constant 2017 international $)",NY.GNP.PCAP.PP.KD,11376.214155095073,3025.5955357755593
Poland,POL,37965475,7.69656e-5,1.479138e-4,7.09482e-5,2.02725e-12,3.896e-12,1.86875e-12,"GNI per capita, PPP (constant 2017 international $)",NY.GNP.PCAP.PP.KD,31772.48862930768,12807.927331529305
Iraq,IRQ,39309789,1.81262e-5,1.079052e-4,8.9779e-5,4.6111e-13,2.74499e-12,2.28388e-12,"GNI per capita, PPP (constant 2017 international $)",NY.GNP.PCAP.PP.KD,10236.623354564652,6087.361319880036
Armenia,ARM,2957728,2.9968e-5,3.68626e-5,6.8946e-6,1.013212e-11,1.246314e-11,2.33103e-12,"GNI per capita, PPP (constant 2017 international $)",NY.GNP.PCAP.PP.KD,14521.83831795098,4013.7441663828913
Latvia,LVA,1913822,4.1159e-6,8.6023e-6,4.4863e-6,2.15064e-12,4.4948e-12,2.34416e-12,"GNI per capita, PPP (constant 2017 international $)",NY.GNP.PCAP.PP.KD,30569.806307049792,12924.726533750656
China,CHN,1408385446,0.0047240633,0.0080306702,0.0033066069,3.35424e-12,5.70204e-12,2.3478e-12,"GNI per capita, PPP (constant 2017 international $)",NY.GNP.PCAP.PP.KD,15933.621462497116,7452.422743980043
Algeria,DZA,43053054,1.12534e-5,1.169816e-4,1.057282e-4,2.6138e-13,2.71715e-12,2.45576e-12,"GNI per capita, PPP (constant 2017 international $)",NY.GNP.PCAP.PP.KD,11353.521809506436,3487.892627272166
Uzbekistan,UZB,33580350,1.010307e-4,1.894944e-4,8.84637e-5,3.00863e-12,5.64301e-12,2.63438e-12,"GNI per capita, PPP (constant 2017 international $)",NY.GNP.PCAP.PP.KD,NA,NA
Lithuania,LTU,2794137,8.3633e-6,1.57983e-5,7.435e-6,2.99315e-12,5.65407e-12,2.66092e-12,"GNI per capita, PPP (constant 2017 international $)",NY.GNP.PCAP.PP.KD,35897.09848199551,14562.664382250376
Jordan,JOR,10101697,3.5775e-6,3.18083e-5,2.82308e-5,3.5415e-13,3.14881e-12,2.79466e-12,"GNI per capita, PPP (constant 2017 international $)",NY.GNP.PCAP.PP.KD,NA,NA
Viet Nam,VNM,96462108,7.491461e-4,0.0010329467,2.838006e-4,7.76622e-12,1.070831e-11,2.94209e-12,"GNI per capita, PPP (constant 2017 international $)",NY.GNP.PCAP.PP.KD,9733.78672313244,2136.0541604989444
Bhutan,BTN,763094,1.0828e-5,1.34428e-5,2.6148e-6,1.418959e-11,1.761621e-11,3.42662e-12,"GNI per capita, PPP (constant 2017 international $)",NY.GNP.PCAP.PP.KD,10730.472145867336,2621.1923315696813
Palestine,PSE,4685306,0,1.60992e-5,1.60992e-5,0,3.43611e-12,3.43611e-12,"GNI per capita, PPP (constant 2017 international $)",NY.GNP.PCAP.PP.KD,7355.601356136419,NA
Italy,ITA,59729081,5.535718e-4,7.624234e-4,2.088516e-4,9.26804e-12,1.276469e-11,3.49664e-12,"GNI per capita, PPP (constant 2017 international $)",NY.GNP.PCAP.PP.KD,43102.26435603723,26882.764105313803
Oman,OMN,4974992,3.8001e-6,2.25651e-5,1.8765e-5,7.6384e-13,4.5357e-12,3.77186e-12,"GNI per capita, PPP (constant 2017 international $)",NY.GNP.PCAP.PP.KD,31512.600323110364,10863.325343933166
Cyprus,CYP,1198574,1.14223e-5,1.60714e-5,4.6491e-6,9.52995e-12,1.340878e-11,3.87883e-12,"GNI per capita, PPP (constant 2017 international $)",NY.GNP.PCAP.PP.KD,39466.94921875,23688.64453125
Djibouti,DJI,973557,1.4194e-6,5.2667e-6,3.8473e-6,1.45793e-12,5.40971e-12,3.95178e-12,"GNI per capita, PPP (constant 2017 international $)",NY.GNP.PCAP.PP.KD,4622.513134209223,2617.882412878679
Lebanon,LBN,6855709,1.77739e-5,4.51309e-5,2.7357e-5,2.59256e-12,6.58296e-12,3.99039e-12,"GNI per capita, PPP (constant 2017 international $)",NY.GNP.PCAP.PP.KD,16724.409053053485,6798.8226329465715
Slovenia,SVN,2088385,7.6693e-6,1.6246e-5,8.5768e-6,3.67234e-12,7.77923e-12,4.10688e-12,"GNI per capita, PPP (constant 2017 international $)",NY.GNP.PCAP.PP.KD,38436.08762112807,19280.284502245675
United States of America,USA,328329953,0.0024007232,0.0037869535,0.0013862302,7.31192e-12,1.153398e-11,4.22206e-12,"GNI per capita, PPP (constant 2017 international $)",NY.GNP.PCAP.PP.KD,63654.319776608405,51954.11154578453
Iran,IRN,82913893,2.223058e-4,5.759835e-4,3.536777e-4,2.68116e-12,6.94676e-12,4.2656e-12,"GNI per capita, PPP (constant 2017 international $)",NY.GNP.PCAP.PP.KD,NA,NA
Austria,AUT,8879920,4.71169e-5,8.6343e-5,3.92261e-5,5.306e-12,9.72339e-12,4.41739e-12,"GNI per capita, PPP (constant 2017 international $)",NY.GNP.PCAP.PP.KD,55647.00605140609,37580.22731028447
Saudi Arabia,SAU,34268529,3.38862e-4,4.930582e-4,1.541962e-4,9.88843e-12,1.438807e-11,4.4996400000000004e-12,"GNI per capita, PPP (constant 2017 international $)",NY.GNP.PCAP.PP.KD,47528.62848478008,16702.416248194328
Portugal,PRT,10286263,1.329311e-4,1.799798e-4,4.70487e-5,1.292317e-11,1.74971e-11,4.57393e-12,"GNI per capita, PPP (constant 2017 international $)",NY.GNP.PCAP.PP.KD,34036.33943460294,17329.867059505348
France,FRA,67248926,3.227625e-4,6.353067e-4,3.125442e-4,4.79952e-12,9.44709e-12,4.64757e-12,"GNI per capita, PPP (constant 2017 international $)",NY.GNP.PCAP.PP.KD,46907.184652717835,32473.409376708336
Canada,CAN,37601230,1.155347e-4,3.03058e-4,1.875233e-4,3.07263e-12,8.05979e-12,4.98715e-12,"GNI per capita, PPP (constant 2017 international $)",NY.GNP.PCAP.PP.KD,48591.23289305624,36991.59798153108
United Kingdom,GBR,66836327,3.5114e-5,3.76605e-4,3.41491e-4,5.2537e-13,5.63473e-12,5.10936e-12,"GNI per capita, PPP (constant 2017 international $)",NY.GNP.PCAP.PP.KD,47066.25779037937,NA
Finland,FIN,5521606,5.8389e-6,3.51923e-5,2.93534e-5,1.05746e-12,6.37355e-12,5.31609e-12,"GNI per capita, PPP (constant 2017 international $)",NY.GNP.PCAP.PP.KD,48828.94077178626,37568.31964769298
Malta,MLT,504062,5.135e-7,3.3008e-6,2.7874e-6,1.01869e-12,6.54849e-12,5.52981e-12,"GNI per capita, PPP (constant 2017 international $)",NY.GNP.PCAP.PP.KD,42083.7171615076,NA
CSSR/Czech Republic (1990/1991),CZE,10671870,1.61021e-5,7.87639e-5,6.26618e-5,1.50884e-12,7.38051e-12,5.87168e-12,"GNI per capita, PPP (constant 2017 international $)",NY.GNP.PCAP.PP.KD,38512.360201637595,14840.320353378143
Yugoslavia/Serbia (1991/1992),SRB,9356141,2.4173e-5,8.34767e-5,5.93037e-5,2.58365e-12,8.92212e-12,6.33847e-12,"GNI per capita, PPP (constant 2017 international $)",NY.GNP.PCAP.PP.KD,17311.52990834104,5308.848747667436
Estonia,EST,1326855,2.5205e-6,1.10631e-5,8.5426e-6,1.89959e-12,8.33781e-12,6.43822e-12,"GNI per capita, PPP (constant 2017 international $)",NY.GNP.PCAP.PP.KD,35472.2893374391,17019.597788608007
Namibia,NAM,2494524,6.6704e-6,2.27593e-5,1.60889e-5,2.67403e-12,9.12371e-12,6.44968e-12,"GNI per capita, PPP (constant 2017 international $)",NY.GNP.PCAP.PP.KD,9758.48215690574,4181.428768733434
Sweden,SWE,10278887,8.7799e-6,7.73077e-5,6.85277e-5,8.5417e-13,7.52101e-12,6.66684e-12,"GNI per capita, PPP (constant 2017 international $)",NY.GNP.PCAP.PP.KD,54441.03775611859,45565.16800925953
Bahamas,BHS,389486,5.6746e-6,8.2931e-6,2.6185e-6,1.456943e-11,2.129243e-11,6.723e-12,"GNI per capita, PPP (constant 2017 international $)",NY.GNP.PCAP.PP.KD,32291.86455318385,27251.178319738177
Norway,NOR,5347896,1.6476e-6,3.92923e-5,3.76447e-5,3.0807e-13,7.34724e-12,7.03916e-12,"GNI per capita, PPP (constant 2017 international $)",NY.GNP.PCAP.PP.KD,66977.37410459548,59205.0140455068
Botswana,BWA,2303703,1.01808e-5,2.71567e-5,1.6976e-5,4.41931e-12,1.17883e-11,7.36899e-12,"GNI per capita, PPP (constant 2017 international $)",NY.GNP.PCAP.PP.KD,14328.009392336293,4815.220377928098
Iceland,ISL,360563,1.89e-8,2.68e-6,2.6611e-6,5.229e-14,7.43269e-12,7.3804e-12,"GNI per capita, PPP (constant 2017 international $)",NY.GNP.PCAP.PP.KD,NA,47894.96871345225
Venezuela,VEN,28515829,9.707945e-4,0.001189325,2.185305e-4,3.404406e-11,4.170753e-11,7.66348e-12,"GNI per capita, PPP (constant 2017 international $)",NY.GNP.PCAP.PP.KD,NA,NA
Libya,LBY,6777453,8.7291e-6,6.22469e-5,5.35178e-5,1.28796e-12,9.1844e-12,7.89644e-12,"GNI per capita, PPP (constant 2017 international $)",NY.GNP.PCAP.PP.KD,NA,NA
Germany,DEU,83092962,7.59907e-5,7.615679e-4,6.855771e-4,9.1453e-13,9.16525e-12,8.25072e-12,"GNI per capita, PPP (constant 2017 international $)",NY.GNP.PCAP.PP.KD,55685.01170023389,36665.559804568744
Denmark,DNK,5814422,1.12999e-5,5.94778e-5,4.81779e-5,1.94343e-12,1.022935e-11,8.28593e-12,"GNI per capita, PPP (constant 2017 international $)",NY.GNP.PCAP.PP.KD,58453.58756530687,49015.837498009474
El Salvador,SLV,6453550,1.314087e-4,1.896162e-4,5.82076e-5,2.036223e-11,2.938169e-11,9.01946e-12,"GNI per capita, PPP (constant 2017 international $)",NY.GNP.PCAP.PP.KD,8575.426578431625,3316.7738442488835
Japan,JPN,126264931,3.259541e-4,0.0014940179,0.0011680638,2.58151e-12,1.18324e-11,9.25089e-12,"GNI per capita, PPP (constant 2017 international $)",NY.GNP.PCAP.PP.KD,43276.34133762985,28165.652288949022
Netherlands,NLD,17344874,7.0011e-6,1.852851e-4,1.78284e-4,4.0364e-13,1.068241e-11,1.027877e-11,"GNI per capita, PPP (constant 2017 international $)",NY.GNP.PCAP.PP.KD,55628.176495897,40640.40077209478
Switzerland,CHE,8575280,1.94789e-5,1.139061e-4,9.44272e-5,2.27152e-12,1.328308e-11,1.101156e-11,"GNI per capita, PPP (constant 2017 international $)",NY.GNP.PCAP.PP.KD,67530.73814334972,64006.90691584985
Belgium,BEL,11488980,5.5986e-6,1.353544e-4,1.297558e-4,4.873e-13,1.178123e-11,1.129393e-11,"GNI per capita, PPP (constant 2017 international $)",NY.GNP.PCAP.PP.KD,52490.4618303729,35457.496848778326
United Arab Emirates,ARE,9770526,3.163e-7,1.124546e-4,1.121383e-4,3.237e-14,1.150957e-11,1.14772e-11,"GNI per capita, PPP (constant 2017 international $)",NY.GNP.PCAP.PP.KD,72131.1348664441,38672.79104481244
Bahrain,BHR,1641164,3.8e-9,1.93206e-5,1.93168e-5,2.33e-15,1.17725e-11,1.177017e-11,"GNI per capita, PPP (constant 2017 international $)",NY.GNP.PCAP.PP.KD,46857.13386899957,17796.611927632664
Ireland,IRL,4934340,6.9492e-6,6.588e-5,5.89307e-5,1.40834e-12,1.335132e-11,1.194298e-11,"GNI per capita, PPP (constant 2017 international $)",NY.GNP.PCAP.PP.KD,67651.5900768436,39387.948639948234
South Korea,KOR,51764822,3.08545e-5,7.001572e-4,6.693027e-4,5.9605e-13,1.352573e-11,1.292968e-11,"GNI per capita, PPP (constant 2017 international $)",NY.GNP.PCAP.PP.KD,43116.57374229938,25086.50599149605
Israel,ISR,9054000,1.46521e-5,1.634903e-4,1.488381e-4,1.61831e-12,1.805724e-11,1.643893e-11,"GNI per capita, PPP (constant 2017 international $)",NY.GNP.PCAP.PP.KD,40919.60771095991,34297.77892688194
Kuwait,KWT,4207077,7.62e-8,9.41401e-5,9.40638e-5,1.812e-14,2.237659e-11,2.235847e-11,"GNI per capita, PPP (constant 2017 international $)",NY.GNP.PCAP.PP.KD,54606.28912322863,27403.310001979684
Luxembourg,LUX,620001,4.532e-7,1.45502e-5,1.40969e-5,7.31e-13,2.346796e-11,2.273696e-11,"GNI per capita, PPP (constant 2017 international $)",NY.GNP.PCAP.PP.KD,77422.85282910157,56892.37613209548
Singapore,SGP,5703569,4.929e-7,1.596818e-4,1.591889e-4,8.642e-14,2.799681e-11,2.791039e-11,"GNI per capita, PPP (constant 2017 international $)",NY.GNP.PCAP.PP.KD,NA,NA
Qatar,QAT,2832071,3.56e-8,1.082917e-4,1.082561e-4,1.258e-14,3.823763e-11,3.822505e-11,"GNI per capita, PPP (constant 2017 international $)",NY.GNP.PCAP.PP.KD,88646.63742664813,NA
Brunei Darussalam,BRN,433296,8.8923e-6,2.56667e-5,1.67744e-5,2.052253e-11,5.923591e-11,3.871338e-11,"GNI per capita, PPP (constant 2017 international $)",NY.GNP.PCAP.PP.KD,63269.65924175575,24740.655805501938
Hong Kong,HKG,7507400,0,5.751373e-4,5.751373e-4,0,7.660939e-11,7.660939e-11,"GNI per capita, PPP (constant 2017 international $)",NY.GNP.PCAP.PP.KD,NA,NA
